customer_name,date,time,total,payment_method
tan woon yann,22/12/2018,6:13,2.00,Cash
tan woon yann,,,,
tan woon yann,12-01-19,21:13 ,33.92,Cash
tan woon yann,,,,Cash
tan woon yann,,,,
tan chay yee,09/01/2019,8:01:11 PM,34.00,Cash
tan chay yee,15/01/2019,11:05:16 AM,197.00,Cash
tan chay yee,02/01/2019,2:47:14 PM,170.00,Cash
tan chay yee,,,327.00,Cash
tan chay yee,23-01-2019,13:14:15 ,20.00,Cash
PERNIAGAAN ZHENG HUI,,,436.20,Cash
PERNIAGAAN ZHENG HUI,,,112.46,Cash
PETRON BKT LANJAN SB,01/02/2018,4:43:17 PM,4.90,Cash
"fo"" is",18/01/2018,"17:09:21
",38.90,Cash
Kaa /*,18/01/2018,"10:27:03
",26.60,Cash
SIN LIANHAP SDN BHD,,,7.30,Cash
CROSS CHANNEL NETWORK SON. BHD.,29/01/2018,0:36 ,6.36,
CROSS CHANNEL NE\WORK SDN. BHD,31/12/2017,10:33:59 AM,7.95,
SWC ENTERPRISE SDN BHD,08/01/2018,11:07:06 ,8.00,Cash
SAM SAM TRADING CO,29-12-2017,,14.10,Cash
AIK Hu -,15/06/2017,,15.00,Cash
HOnIE MASTER HARDWARE &,22/12/2017,"14:03
",15.90,Cash
LIGHTROOM GALLERY SDN BHD,20/11/2017,03:57:01 PM,,Cash
NO.2-1-1 JALAN FITA PRIMA O,12/28/2017,10:17:32 PM,1.00,Cash
99 SPEED HART 5/8 ($19537-X),,,169.78,Cash
ASIA MART,,"00:06:00
",31.03,Cash
3180301,,"14:59
",,Cash
HOnIE MASTER HARDWARE &,22/12/2017,"14:03
",15.90,Cash
LIGHTROOM GALLERY SDN BHD,20/12/2017,07:10:35 PM,,Cash
LIGHTROOM GALLERY SDN BHD,20/11/2017,03:57:01 PM,,Cash
. BHD,20/11/2017,03:55:07 PM,39.80,Cash
LIGHTROOM GALLERY SDN BHD,20/12/2017,07:10:35 PM,,Cash
5,18/03/18,,,Credit
Sy Lee.,,10:00,25.94,
SYL ROASTED DELIGHTS SDN. BHD.,06/03/2018,,64.50,Cash
YR ee to ver 5-,20/03/2018,6:41:02 PM,46.00,Cash
(001451637-M)Z,18/01/2018,5:69 ,4.60,Cash
> ») — |,25/01/2018,1:22:56PM,1.00,Cash
"LL, eel ~ neal TT LL ee",17/01/2018,,26.00,Cash
Neen nne ee ————E eee,15/01/2018,,52.00,Cash
ye ---—- — = 0 7,23/01/2018,,16.98,Cash
ee OR Ee ee a a ae .— s — eee ~ Ti Retina. 2° #¢° °° °°,27/10/2018,71:94,25.80,Cash
(001451637.m),12/02/2018,,144.68,Cash
5 a,15/03/2018,,120.00,Cash
(001451437-m) &,29/01/2018,,1.00,Cash
eC LTT ELE,92/01/2018,10:46:55 ,,Cash
~*~,14-03-18,21:49 ,47.10,Cash
NR |,24-01-18,10:43AM,2.50,Cash
(481500-M),01-03-16,5:23:26 PM,21.20,Cash
3-1707067,02/03/2018,"1:22
",31.90,Cash
"IPAS K a NIGBMAT.ONA, SDN Bat)",,,,
ARON OG. (BR) BMG (°28825-i),,,,
VNPAKKA\TERUAT Oa SD BHD,,,,
105526,,,,Cash
BIOGAS ATIONAL SON Bay,,,,
jayz,,,332.30,Cash
Apne,,,,
BATE,,,,
DMIBAKKA MERA OAL SDN BED,,,,
Pabei MIND JIM Ji%,,,,
WARAKUYA PLRMAS CTY SON BHD,,,57.80,
YeH feor Tebr “tty,,,,
YH fear Tebrau City .,,61:00 ,49.70,
BREWERY TAF,36/03/2018,8:13 PM,189.75,Cash
HREE STOOGES,12/03/2018,10:25:49 PM,95.00,Cash
THREE STOOGES,03/03/2018,10:58:51 PM,169.00,Cash
Geoventure,,,,Cash
32 PUB & BISTRO own by CNU TRADING,10-03-2018,"23:03:06
",,Cash
RESTAURANT,,,269.40,
IN BAKKA SUEHNAGIOD A. oh Bud,,,,
Figs >,,,6.90,
103142,,,2.20,
Page WDME IW SIN,,08:05 ,,
RESTARERY SIM OU,,,,Cash
YONG TAT HARDWARE TRADING,,,,Cash
YONG TAT HARDWARE TRADING,,,,Cash
PERNIAGAAN ZHENG HUI,,,8.00,Cash
Morganfields*,,,593.10,
Tepe Six Port Frterer se 654,,,,
UNAS SA INTERNATIONAL SON BHD,,,,Cash
4,,,,
&r,,,,
Ne,,,,Cash
. !,,,86.60,
CARREFOUR RESTAURANT,,"12:42:00
",0.00,Cash
"Ae,",,,,
FO 2/93,,,,
CONTENT O Oxted,,,,
"CULO YTREGLTIOA, SDN Ret",,,,
fa,,,,
ie 31S daar Pecan 378 Raewiar Bars Peas ny,,,,
are hAe Trdepes: clout Grew,12/03/18,"20:29:59
",0.00,Cash
é |,00-88-6555,"18:32:36
",129.30,
: pox Be : ¥ Trete pesretank Gyrour,09/03/18,"18:08:53
",133.70,Cash
5 fase 5 Trdepenrclant. Grour,08/03/18,"18:20:41
",81.00,Cash
Re ee,10-03-18,02:27PM,5.35,Cash
AE OOD Ak hi NOD 0 oe 0 re ne een eel,19-03-18,,11.40,Cash
|,25/03/18,"13:43:11
",66.17,Cash
PETRODELI ENIERPRISE,26/02/18,,85.54,Credit
SUN WONG KUT SON BHO,21/02/18,,88.17,Credit
RES!AURANT JIAWE|,9/3/2018,20:54:50 ,,Cash
PASARAYA BORONG PINTAR,20/03/2018,,4.00,Cash
PASARAYA BORONG PINTAR,09/03/2018,4:21:23PM,4.00,Cash
F i i ee es of *,14/03/2018,4:06 ,1.00,Cash
RESTAURANT JIAWE!,23/2/2018,"20:04:08
",110.00,Cash
LIAN CHI PU TIAN VEGETARIAN,06/01/18,,,Cash
SO ee,04/04/2018,"12:41:52
",1.00,Cash
PASARAYA BORONG PINTAR,30/01/2018,"48:23
",1.00,Cash
99 SPEED MART S/B (519537-x),20-02-18,04:20PM,9.90,Cash
99 SPEED MART 5/2 (519537: X),,,141.08,Cash
P ON OO,14/02/2018,5:37,1.00,Cash
AEGON CO. (M) BHD (126926-H),19/62/2018,16:45 ,17.70,Cash
(Co. No. 113825-W),01/03/18,19:14 ,3.29,Cash
3180303,,27:05 ,79.50,
3180303,20/03/2018,"13:01
",102.00,Cash
UAN HING STATIONERY SDN BHD,,,19.00,
3180303,,,12.00,
Banh Mi Cafe,29-10-2017,"18:31:45
",21.30,Cash
"- “ts (,",02/02/2017,7:31:08 PM,,Cash
(Co. No. 113825-W),23/12/17,15:53 ,,Credit
_,20/08/17,12:48 ,,Cash
MR.D.I.Y(M)SDN BHD,03-04-06,15:39 ,,Cash
| HON HWA HARDWARE TRADING,21/09/2017,10:20:37 AM,10.40,Cash
MR. D.I.¥Y. SON BHO,24-11-17,13:11 ,3.90,Cash
EVERGREEN LIGHT SDN BHD,,,2.84,Cash
‘HON HWA HARDWARE TRADING,26/4/2017,,7.20,Cash
HON HWA HARDWARE TRADING,,9:35:48 AM,119.60,Cash
HON HWA HARDWARE TRADING,,4:47:51 PM,5.00,Cash
HON HWA HARDWARE TRADING,08/02/2017,3:43:01 PM,277.90,Cash
EVERGREEN LIGHT SDN BHD,18/09/2017,"17:21
",26.00,Cash
VIVOPAC MARKETING SDN BHD (1070687-M),17/01/2017,01:31:27 PM,46.65,Cash
VIVOPAC MARKETING SDN BHD (1070687-M),13/09/2017,01:13:09 PM,49.50,Cash
OPAC MARKETING SDN BHD (1070687-M),30/05/2017,10:18:02 AM,18.80,Cash
MR. D.I.¥. SON BHD,18-10-17,15:16 ,,Cash
MR. D.I.Y. SDN BHD,28-12-17,18:52 ,,Cash
MR. D.I.¥. (KUCHAI) SDN BHD,21-41-71,13:42 ,37.80,Cash
rs,27/07/17,"1:12
",538.00,Credit
IKANO HANDEL SDN BHD,09/08/17,"1:06
",99.80,Credit
Fhe OR ROATTAD TAY s aeneazTda2,07/12/2017,,9.43,Cash
-Y EAGLE ENTERPRISE,04/12/2017,"15:14:00
",4.60,Cash
MODERN DEPOT SON BHD,04/12/2016,"09:58:00
",141.51,Cash
| TRI SHAAS SDN BHD (728515-M),13/03/2017,03:00:42PM,5.00,Cash
CHOP YEW LIAN,23/03/17,14:08 ,30.00,Cash
TRI SHAAS SDN BHD (728515-H),4/02/2017,03:30:27PM,85.10,Cash
ADVANCO COMPANY,23/03/2018,3:13 ,83.00,Cash
gy,22/03/2018,10:18 ,11.80,Cash
o€,09/02/2018,12:53 ,5.90,Cash
g¢,14/03/2018,12:43 ,12.25,Cash
a,22/03/18,10:17 ,4.20,Cash
CO. (M) SDN BHD,14/03/18,12:52 ,9.00,Cash
"=, :",07/01/18,14:41 ,34.47,Cash
i,29/03/18,13:24 ,0.00,Cash
POPULAR BOOK,22/01/18,16:52 ,20.98,Cash
7 .,20/03/2018,3:20:16 PM,6.00,Cash
3! 8jr01r,04/12/17,5:06 ,2.40,Cash
SYARIKAT PERNIAGAAN GIN KEE,04/12/2017,16:15,45.00,Cash
"2 18 02 Of3,",28/02/2018,,10.50,Cash
ISS FRWON,02/12/2017,"21:00
",7.00,Cash
SYARIKAT PERNIAGAAN GIN KEE,02/12/2017,"08:44:00
",28.00,Cash
218k ot2,23/12/17,"7:13
",13.30,Cash
SYARIKAT PERNIAGAAN GIN KEE,28/12/2017,"58:00
",140.00,Cash
Z213iInoI12~—.,,18:40:57 ,87.80,Cash
DAF O20I12,14-02-2018,"13:02:42
",28.58,Cash
3 {<o02 oO ) uy,14/03/2018,"16:37:00
",99.43,Cash
9 Boz0ly |,21-03-2018,"13:29:51
",41.30,Cash
"3 \ Od O13,",02/02/2018,,7.00,
. ‘ :,,,,Cash
CR ee EE,09/02/2018,09:21:19 AM,56.80,Cash
4 ‘ f,,,,
© 31B 02° \ 2°,09/02/2018,"10:05
",,Cash
OE SANS SSS SF,09/02/2018,,7.00,Cash
Pow An 10 tot ee es,29/12/2022,,,Cash
a ee,04/12/2017,,843.00,Cash
y SUK foo. .,28/12/2017,,439.00,Cash
tt,14/01/2018,"12:06
",,
213 0} om m,20/01/2018,,132.50,Cash
.,04/01/2018,"15:46:00
",5.67,Cash
", ' 'j {}",25/01/2018,"29:00
",180.00,Cash
2 a ;,10/10/2017,5:30,67.84,Cash
SYARIKAT PERNIAGAAN GIN KEE,03/01/2018,17:08,4.08,Cash
a,30/12/2017,"14:52:00
",84.00,Cash
9 12 0( O14,02/01/2018,16:58:00 ,87.80,Cash
BIRO OW. 2 8,03/01/2018,,5.34,Cash
SYARIKAT PERNIAGAAN GIN KEE,04/01/2018,"16:39:00
",42.20,Cash
—— a a a re a,10/01/2018,"09:20:00
",22.00,Cash
318 O| OIF,11/09/2018,"11:42:00
",109.70,Cash
oe ll,03/01/2014,"10:37:00
",94.87,Cash
aK,29/12/2017,,10.00,Cash
3\9 01 O14 .,02/01/2018,"09:28:00
",12.50,Cash
SYARIKAT PERNIAGAAN GIN KEE,02/01/2018,"09:29:00
",2.00,Cash
3 \Goiolt ~,13/01/2018,"53:00
",6.00,Cash
Uh CUmUC<“‘( T( DP’. ‘ °,11/01/2020,"51:00
",20.00,Cash
9 \ & Q\ O \ + ‘ ‘ ' ‘,13/01/2018,"15:52:00
",12.00,Cash
2 \eP ol O (7 ‘ fy,15/01/2018,,10.50,Cash
—— —<£_£,02/01/2018,"14:49:00
",2.26,Cash
2 \R 02 FIG -,01/02/2018,"38:00
",34.00,Cash
is,12/02/2018,,0.30,Cash
"2, Fe 0D CG « ve",12/02/2018,,255.00,Cash
SYARIKAT PERNIAGAAN GIN KEE,03/02/2018,"11:49:00
",3.45,Cash
SYARIKAT PERNIAGAAN GIN KEE,12/01/2018,"13:02:00
",7.80,Cash
"Yr1POds0IG ,",31/01/2018,,96.00,Cash
218 O07 O18 = co,31/01/2018,33:00 ,78.00,Cash
SYARIKAT PERNIAGAAN GIN KEE,24/01/2018,"10:50:00
",70.00,Cash
Z\eorolG.,27/01/2018,,21.00,Cash
"——— Cc, 5 — ae",02/02/2018,,94.13,Cash
ee eee. OO,06/02/2018,,90.00,Cash
3180203,26-02-2018,"14:27
",,Cash
3180203,26-02-2018,"14:27
",,Cash
3180301,19/03/2018,03:43:44 PM,5.30,Cash
3180301,02/03/18,05:16 PM,,Cash
ASO ELECTRICAL TRADING SDN BHD,27/09/2017,1:00 ,234.00,Cash
KEDAI BUKU NEW ACHEIVERS,28/12/2017,"10:50:00
",40.00,Cash
ASO ELECTRICAL TRADING SDN BHD,18/10/2017,44:97,89.26,Cash
i,1/08/2017,03:56:06PM,109.90,Cash
TRI SHAAS SDN BHD (728515-M),10/08/2017,03:26:21PM,,Cash
| pS,15/09/2017,10:22:00 ,45.28,Cash
ASO ELECTRICAL TRADING SDN BHD,04/12/2017,19:29:00 ,93.40,Cash
7,22/03/2018,"13:40:00
",7.00,Cash
RESTORAN WAN SHENG,19-03-2018,"18:08:38
",,Cash
RESTORAN WAN SHENG,17-03-2018,"15:22:52
",13.07,Cash
RESTORAN WAN SHENG,19-03-2018,"11:12:15
",8.59,Cash
RESTORAN WAN SHENG,14-03-2014,"10:06:20
",4.54,Cash
YE,21-03-2018,"16:08:24
",6.70,Cash
RESTORAN WAN SHENG,16-03-2018,"12:07:10
",9.07,Cash
RESTORAN WAN SHENG,23-03-2018,"13:28:55
",16.70,Cash
RESTORAN WAN SHENG,21-03-2018,"11:42:20
",4.80,Cash
OR,12-03-2018,"10:13:04
",7.00,Cash
RESTORAN WAN SHENG,10-03-2018,"16:01:37
",6.81,Cash
RESTORAN WAN SHENG,14-03-2018,"10:22:59
",2.17,Cash
RESTORAN WAN SHENG,07-03-2018,"15:34:15
",4.54,Cash
na fk,05-03-2018,"19:02:50
",5.66,Cash
Gerbang Alaf Restaurants Sdn Bhd,21/03/2018,"19:53:23
",25.40,Cash
Gerbang Alaf Restaurants Sdn Bhd,10/03/2018,"17:24:07
",8.50,Cash
PappaRich BMC,,09:12:41 PM,72.93,Cash
— °° °° °&4 FF “Sure,31-03-2018,"18:12:41
",56.20,Cash
",",18/03/2018,"23:02:16
",13.10,Cash
Py . id,20/03/2018,1:11:38 PM,,Cash
4 .,28/03/2018,"10:36:13
",30.00,Cash
L TWO FLORIST & HANDICRAFT,21/03/2018,"11:01:00
",9.00,Cash
3-1708032,20/03/2018,5:10:20 PM,6.00,Cash
"3-1708032,",25-03-18,"18:34
",18.70,Cash
3-1708032,,13:11:54 ,41.43,Cash
. i . ;,06/02/18,18:47 ,,Cash
Sy SPEED MAST 5/B (S19587-%),28-03-13,,,Cash
|,22/03/2018,"10:18:00
",96.00,Cash
g Alaf Restaurants Sdn Bhd |,02/08/2018,"12:59:16
",28.50,Cash
KIKU JAPANESE RESTAURANT,17/1/2018,"12:12:21
",29.70,Cash
SIMPLIFIED TAX INVOICE,29/01/2018,"12:09:00
",44.94,Cash
ROCKU YAKINIKU,19/02/2018,17:43 ,181.55,Cash
=e ——,16/02/2018,12:04:58 ,21.50,Cash
Salon Du Chocolat,19-02-2018,"14:19:38
",20.40,Cash
~wYryY. wry yyy ‘,03-02-18,,3.70,Cash
s,,,,
FUN N CHEER (MALURI),05/01/2018,11:44:44 ,28.11,Cash
2 ’,21/01/2018,15:46,,Cash
NADEJE PRESTIGE SDN BHD,18/02/22,"13:34:14
",,Cash
woe +e eve were eee ewe,17-02-18,09:04PM,213.00,Cash
99 SPEED MART S/B (519S3?-X),17-02-18,07:44PM,,Cash
SUNFISH,,13:30,,Cash
POTTERS GARDEN SDN BHD,04/01/2018,12:29:18 PM,139.80,Cash
ea,04/01/2018,7:42:10 AM,42.00,Cash
He Dakgal Solaris,18-01-05,22:55:25 ,,Cash
|,1/8/2018,9:42:41 ,34.80,Credit
THE STORE (HALAYSIA SDN BHD (B199K),14-01-2018,"16:02
",5.80,Cash
MR. O.1.¥.(KUCHAI) SDN BHD,19-03-18,13:09 ,11.90,Cash
| . ‘,18-03-2018,"11:23
",,Cash
KING’S CONFECTIONERY S/B 273500-U (KSB),11/03/18,"21:30
",1.42,Cash
~ Gerbang Alaf Restaurants Sdn Bhd,11/03/2018,14:31 ,8.50,Cash
Yam Fresh,18-03-16,"13:18:48
",,Cash
SAINT HEART PASTRY,26/03/2018,"10:56:00
",7.74,Cash
Zen and coffee 28 S/B,,9:27PM,165.08,Cash
Beran PeaeP Pog fanyY Sn Bnd,04/03/18,16:14 ,12.00,Cash
MR. D.L.Y¥.(KUCHAI) SON BHD,11/3-21,13:49 ,53.30,Cash
.,26/03/18,12:54:37 ,60.60,Cash
MY HAPPY PHARMACY PLT,01/02/2018,,1.16,Cash
POPULAR BOOK,11/02/18,19:21 ,,Cash
tea. >... ee,21/03/2018,"09:31:00
",65.00,Cash
‘,28/02/2018,"09:21:00
",101.76,Cash
BAKALIMA SDN BHD,14/03/18,10:25 ,100.00,Cash
inthe... eee,,"39:00
",136.00,Cash
KEDAI PAPAN YEW CHUAN,06/03/2018,"08:58:00
",7.20,Cash
KEDAi PAPAN YEW CHUAN,07/03/2018,08:31,86.00,Cash
KEDS PAN YEW Ch JAN,,14:58,295.00,Cash
KEDAI PAPAN YEW CHUAN,,"08:45:00
",128.00,Cash
—— -lrlt—<“i=—™S —,12/03/2018,"09:20:00
",267.50,Cash
————,02/04/2078,"08:42:00
",16.30,Cash
>,31/03/2018,"09:29:00
",165.00,Cash
‘,,"13:49:00
",80.00,Cash
— MBB 964 100,17/03/2078,"15:02:00
",165.00,Cash
——ET—————— rn,15/01/2018,"10:59:13
",5.50,Cash
’ TAX INVOICE,18-01-2018,15:44:46 ,41.98,Cash
EO eeLLTLmhm!mhmwm,24-03-2018,22:02:55 ,,Cash
YONG CEN ENTERPRISE,06/01/2018,"10:47:00
",,Cash
fe 5,22/02/2018,7:41:46 AM,,Cash
"on SOLD ARE NOT RETURNABLE, (H8ts YGU :",,,20.00,Cash
SLF CASH & CARRY,02/02/2018,"08:31:00
",495.28,Cash
ae ;,,11:34:45 AM,,Cash
‘ ra o ‘ y,01/02/2018,"16:22:05
",,
te nt nh ant,07-02-18,,48.34,Credit
Subway4#42Z19-G Phone 03-78870693,14/02/2018,"11:13:31
",11.90,Cash
Subway#42210-0 Phone 03-78870693,27/02/2018,"15:32:47
",24.00,Cash
SUSHI MENTAI - PANDAN INDAH,09-04-2018,"19:22:25
",,Cash
On og Cott inhi hinloal atten le inalitin tate eltiae eines ai on ltl taal |,31-03-18,04:06PM,3.99,Cash
OO EE,02/03/2018,09:43,59.99,Cash
"/SUPER SEVEN CASH & a, SON BHD",01-03-2018,09:23:06 AM,408.45,Cash
BEMED (SP) SDN. BHD.,,,308.70,Cash
SECOCOOC EO _—_—,,"10:37:49
",,Cash
SUPER SEVEN CASH & CARRY SDN BHD,21-03-2018,11:25:07 AM,18.29,Cash
‘Pf ),,,145.09,Cash
«2,02-03-13,,71.90,Cash
~,,,,
"ENW Hardware Centre (M) Sdn. Bhd. ,",10/03/2018,,34.00,Cash
| “yy,28-03-18,18:05 ,38.80,Cash
3180300),61/03/18,12:36 ,4.00,Cash
31803003,28/02/2018,20:11 ,88.97,Cash
31803010,05/03/2018,15:09 ,81.26,Cash
4(80Z0l6,09/03/18,,,
31°0401F,09/03/2018,18:54 ,31.00,Cash
31803030,11/08/18,16:30 ,25.75,Cash
218043022,12/03/2018,13:07 ,42.46,Cash
31803033,12-03-18,14:37 ,45.00,Cash
31803934 LOE,12/09/2017,4:42:33 PM,24.50,Cash
31802024,10/10/2017,4:22:12 PM,8.00,Cash
eS ee,17-03-18,14:49 ,42.90,Cash
"3180304,",18-03-18,12:09 ,0.37,Cash
31803Z0q),22-52-62,15:12 ,10.60,Cash
"*\2o20qu,",20/02/2018,7:07pm,25.40,Cash
OO,12-21-22,12:27 ,21.59,Cash
21803060,26-03-18,15:25 ,28.00,Cash
3(&02054,25-03-18,18:47 ,50.80,Cash
31803044,23-03-18,16:43 ,6.20,Cash
3120305],23-03-18,18:09 ,26.10,Cash
31803053,,03:44:22 PM,521.00,Cash
S18030%q,23-33-53,18:02 ,14.90,Cash
31803055,23-33-53,18:10 ,12.30,Cash
I TE EC,00-88-5200,14:08 ,60.00,Cash
SUPER SEVEN CASH & CARRY SDN BHD,27-01-2018,04:32:13 PM,9.00,Cash
YONG CEN ENTERPRISE hide,06/01/2018,"10:47:00
",61.99,Cash
Segi Cash & “OL,,05:21pm,673.99,Cash
SUPER SEVEN CASH & CARRY } 3KD,01-02-2018,09:52:50 AM,42.10,Cash
ES,25-01-2018,,,Cash
. ' . ; re u N,,,,Credit
KAISON FURNISHING SDN BHD,29-01-18,"20:38
",,Cash
LEE WAF FLORIST SON BHD,92/02/2018,"21:41:00
",353.00,Cash
ADVANCO COMPANY,17/01/2018,,29.00,Cash
Tax Invoice,18/02/2018,06:08:59 PM,2367.30,Cash
JUWITA WEDDINGS (366310-U),,"37:04
",0.00,Cash
IMAGE PRINTEC (M) SON BHD,23/02/2018,"7:44:16
",7.65,Cash
Y,28/02/2018,"6:02:25
",10.45,Cash
Cash Sale,03-18/1999,07:11:54 PM,113.50,Cash
Cash Saie,06/02/2018,2:19,109.70,Cash
.__ ADVANCO COMPANY,,,7.00,Cash
€,13/01/2018,44:30PM,,Cash
POSTED,13/01/7201,,69.42,Cash
SATU KAMPUNG ENTERPRISE SON BHD,,,1.13,Cash
Sener trickh | Ssersen .,25/04/18,"11:06
",22.00,Cash
Sarang Hae Yo,15/01/2018,1:48:36 PM,329.10,Cash
— ~,12/01/2018,16:32,5.66,Cash
PRINT EXPERT SDN BHD,12/01/2018,16:57 ,4.25,Cash
PRINT EXPERT SDN BHD,,,213.78,Cash
CRINT EXPERT SDN BHD,25/03/2018,15:17 ,204.20,Cash
PRINT EXPERT SDN BHD 13,26/03/2018,,119.55,Credit
| POPULAR BOOK,24/01/18,16:14 ,2.98,Cash
-) S,27/02/18,21:22 ,40.99,Cash
:,05/03/18,13:56 ,30.50,Cash
(Co. No. 113825-W),05/03/18,15:02 ,,Cash
POPULAR BOOK,06/03/18,18:01 ,30.88,Cash
POPULAR BOOK,06/03/18,18:04 ,12.15,Cash
BOON SENG PAPER SDN BHD (1248717-W),19/03/2018,1:01:43 PM,31.80,
AEON CO. (M) BHD (126926-H),21/03/2018,14:49 ,65.10,Cash
foe. Ua ee to a Ee Ee aaer LES REDET Poa,14/01/2018,05:03:35 PM,707.55,Cash
RELAIS TOTAL OULMES,30/03/2018,12:36 ,56.00,
\ es Nate el,18/03/27,21:90:45 ,,Cash
Dream Arts,29/08/2018,07:35:38 PM,14.15,Cash
TOTAL «GST INCL) 22.45,,10:20,22.45,Credit
TONYMOLY VIVA CITY,29/03/2018,"70:37:46
",,Credit
TONYMOLY VIVA CITY,29/03/2018,"20:19:38
",,Cash
TONYMOLY VIVA CITY,29/03/2018,"20:19:07
",,Cash
Alou Ta.e nas Crescanier ta Street,21/03/2018,09:13am,7.00,
THANK YOU,27/03/2016,"16:54:04
",,
M2. D.T.¥. (KUCHAL) SDN BHD,11-23-42,19:47 ,119.70,Cash
hee OEE OE Oe,09/02/2017,69:26:48 ,65.00,Cash
EOS SSO ty,,,3.56,Cash
tt (222 ee,08/02/2017,2:09:49 PM,,Cash
@ SOON FATT S/R (81497-P),9/2/2017,12:00 ,362.50,Cash
KING’S CONFECTIONERY $/B 273500-U (KJ1),23/02/17,"10:53
",,Cash
BEMED (SP} SDN. BHD.,,"10:49:25
",445.00,Cash
ee,10/02/2017,01:09:47 PM,7.40,Cash
a AESBIF:=S,20/03/2017,11:12:35 AM,14.95,Cash
| 4 . - 5,31/03/2017,,12.19,Cash
. og J,17/83/2017,"21:35
",62.80,Cash
: . re 7 . f,06-03-2018,,,Cash
BEMED (SP} SDN. BHD.,,"10:49:25
",445.00,Cash
—  ———,10/02/2017,01:09:47 PM,7.40,Cash
| 4 . - 5,31/03/2017,,12.19,Cash
"* "" Goods Sold Ar: Not Returnable. Te",05/04/17,11:43,,Cash
. og J,17/83/2017,"21:35
",62.80,Cash
(P),,"07:49:00
",19.00,Cash
a i,,,,Cash
oe :,05/01/17,"10:55
",,Cash
"Thank You, Flease come again.",,12:41pm,12.61,Cash
pee Bn EY,,1:15,26.05,Cash
a,01-01-2017,"14:17
",158.08,
; .,12/01/2017,08:44:46 PM,56.00,Cash
DEI,,01:48:43 PM,1.40,Cash
BEMED (SP} SDN. BHD.,,,203.09,Credit
Your order number is,25/12/2016,"13:51:47
",29.30,Cash
ne,1/11/16,09:58 ,6.40,Cash
a * . ve,22/01/2017,09:09:16 PM,64.00,Cash
KING'S CONFECTIONERY $/B 273900-U (6KJ},02/02/17,"19:46
",0.42,Cash
O,,,758.70,Cash
pees BEFURC FUINIO CAPINIT .E,,12:57pm,26.98,Cash
(481500-M),26/04/2018,12:16:15 PM,80.00,Cash
Pus CAD Toh,19/04/2016,0:00,,Cash
Bieeed - + 3 . “,22/04/2018,"13:44:23
",0.00,Cash
Ampang 210,16/04/2018,"8:21
",7.00,
(481500-M),31/03/2018,10:35:17 AM,14.63,Cash
= 3 fe. <,,,730.00,
‘ ~,,"10:82
",704.00,Cash
altar cca cas eaemmmmmearamacaamaiaas salamat datas mmcaaimmmeiiamaiamaiae,82/34/2617,"21:28
",4.36,Cash
Pol ee i iia,,"01:25:02
",165.00,Cash
ee : ne,10/04/2017,25:39,14.53,Cash
<< I _——_—_ &#& i .,,,,Cash
re,23-04-2017,"21:04:28
",97.60,Cash
annem eee,,"04:56:46
",635.00,Cash
", SOSTED",,"07:52:00
",92.50,Cash
"Lo ee an,",30/04/2017,"3:24
",43.00,
ee,,7:19:45 AM,,Cash
| ret F A,30/04/2017,"21:45
",41.00,
ee on ee ee ee,30/04/2017,"19:44
",43.00,
| « “See? |,30/04/2017,"20:22
",1.00,
I ca este cattails ht a eie,,02:49,42.33,Credit
ae : é,,,47.15,Cash
FERNIAGAAN RIANG KIA 4,,"21:51
",22.60,Cash
BEMED (SP) SDN. BHD. (p y,,"02:56:39
",191.22,Cash
< ‘,,,,
mo: me PD,17/05/17,"08:48:69
",,
4,,,,
@ | | 9 4 BS | c Dh,,09:41am,,Cash
,,,,
Pee ™S,15/05/2017,10:49:40 AM,9.00,Cash
YONG CEN eg,,"07:50:00
",108.00,Cash
RESTORAN WAN seule,12-11-2017,"18:45:28
",,Cash
99 SPEED MART S/B (519S37-X),22-11-17,,181.98,Credit
@,1-11-17,,52.08,Cash
Nene |,21/10/2017,01:34:54 ,250.00,Cash
KING'S CONFECTIONERY S/B 273500-U (JJ),10/10/17,"20:58
",3.96,Cash
"RESTORAN WAN SHf ,",29-09-2017,"22:19:53
",155.09,Cash
mr XELKEN,,1:55:59 PM,235.85,Cash
Z = OF uD _ i Ae,19/06/17,11:37,,Cash
y F ae,19/06/17,07:52:15 pm,23.60,Cash
es ;,03/06/201,5:02:54 PM,,Cash
"No.49, Jalan Dinar G Li3/G",,"08:34:22
",,Cash
SUPER SEVEN CASH & CARRY SEN 3HD oy) 8 - OY,22-06-2017,10:20:00 AM,,Cash
| 31705509,,,,
Um |,10-05-17,1:57,72.74,Cash
N,,03:17:50 PM,72.00,Cash
py (Aten,,,,
Vv -,04/02/2017,07:14PM,26.90,Cash
Ce eee t—‘___ NN,07-02-17,,37.44,Credit
7,09/02/17,,,Cash
o £ ~,10/04/2017,,15.40,Cash
: c,17/04/2917,,,
"en,",22/04/2017,12:23:34 PM,21.00,Cash
| s,07/04/2018,"10:59
",33.00,Cash
OL g ¢,27/04/2019,,275.90,Cash
Aolto(~,,"18:25
",6.90,Cash
ALLA L2 | },,18:18 ,7.60,Cash
. UNIHAKKA INTERNATIONAL SDN BHD,,18:31 ,8.20,Cash
Venta. *,,"18:33
",7.10,Cash
: Addo! £ |,,12:03 ,7.60,Cash
| UNIHAKKA INTERNATIONAL SDN BHD |,,"18:26
",8.20,Cash
a ROO],,"18:21
",7.60,Cash
) UNIHAKKA INTERNATIONAL SDN BHD .,,"18:13
",8.20,Cash
a BHPetral Permas Jaya 2 |,03-04-2018,08:15:14 ,,Cash
", | Rodos",18-04-06,17:36,50.00,Cash
"so : The GeoVenture , | |",6/4/2018,"21:44:42
",84.05,Cash
BHRetrol Permas Jaya 2 :,10-04-2018,08:11:53 ,,Cash
"UNIHAKKA INTERNATIONAL SDN BHD ,",,"18:12
",7.60,Cash
; ©  UNIHAKKA INTERNATIONAL SDN BHD,,18:11 ,8.90,Cash
th me oo ’,14/04/2018,16:14 ,12.30,Cash
AEON CO. (HM) PHO (125926-H) . ) |,14/04/2018,18:30 ,50.92,Credit
. Aw,,"18:34
",7.00,Cash
""" AdLoge ) :",,"18:44
",10.60,Cash
| DD NAL -,,18:23 ,8.20,Cash
‘,,,,
| PASAR HINT JIN SENG | |,15/04/18,08:53 ,,Cash
F a Yo ¥ .,,18:22 ,9.90,Cash
"TAX INVOICE , ;",17/04/18,10:15:18 ,25.60,Cash
TAX INVOICE,11/04/18,18:07:35 ,21.60,Cash
THE COFFEE BEAN,08/04/2018,14:26 ,12.00,Cash
: - f; aoa |,14/04/2018,11:28:59 PM,21.80,Cash
AEON CO. (M) BHD (126926-H),18/04/2018,20:27 ,,Cash
AEON CO. (M) BHD (126926-H),22/04/2018,19:29 ,10.20,Cash
"Triple Six Point Enterprise 666 ,",23-04-2018,06:29:01 PM,157.90,Cash
AFON CO. (M) BHD (126926-h),22/04/2018,19:26 ,98.37,Cash
RESTORAN HWA MUI SUTERA SDN BHD |,29/04/2018,1:55:30 PM,94.50,Cash
| TAX INVOICE |,28/04/18,13:14:55 ,45.70,Cash
; TAX INVOICE .,28/04/18,13:19:29 ,57.00,Cash
YHH Aeon Tebrau City |,17/04/2018,07:13 PM,81.80,Cash
", THE TOAST F&E) SDN BHD (965752-T) . ,",08/04/2018,02:09:12 pm,48.90,
", AOUMS@",4/22/2018,08:10PM,141.81,Cash
| Oly / |,12/04/2018,16:38 ,24.11,Cash
AEON CO. (M) BHD (126926~H),20/04/2018,20:46 ,2.64,Cash
AEON CO. (M) BHD (126926-H),12/04/2018,18:18 ,4.40,Cash
", _ Mou i eu .",20/04/2018,9:01:22 PM,6.40,Cash
ABYL,27/04/18,17:57:32 ,15.60,Cash
KEK SPAWN -,,04:19 PM,113.60,Cash
AEON CO. (M) BED (126926-H),01/04/2018,12:53 ,122.80,Cash
HIGH FIVE ENTERPRISE,05/04/18,21:57 ,95.48,Cash
|,,,,
Tore Rolf x Cof{ec,19/05/18,"21:17:14
",52.80,Cash
Meth,,,,
3180404 Aefp rot,18/04/2018,18:08 ,11.25,
3180404,30-04-2018,"15:57
",1.38,Cash
3180404,16-04-2018,"14:51
",,Cash
3180404,19/04/2018,2:26 PM,,Cash
Cot tous — hatahr Stluind ler,21-04-2018,"20:40:32
",35.60,Cash
WESTERN EAS FERN,26-04-2018,"14:52
",,Cash
3180502,,16:07 ,,Cash
Welcome to the Farnily,20/04/2018,19:18 ,3.70,Cash
Welcome to the Family .,16/04/2018,16:28 ,,
CITY MILK,19-04-2018,"13:43:54
",9.50,Cash
Welcome to tne Family,10/04/2018,18:31 ,,Cash
Welcome to tie Family,16/04/2018,16:36 ,2.40,Cash
*kekEK DUPLICATE #*#*,27/04/2013,"15:29:22
",109.05,Cash
". . , ‘",29/10/2017,"20:18:00
",27.27,Cash
NSK TRADE CITY-SELAYANG (62647C-P),27-10-2017,10:51:52 AM,,Cash
. a aa |,13/10/2017,,234.40,Credit
TAX INVOICE,25/09/2017,01:48:57 PM,,Cash
; . ~ 3 bd,11/08/2017,"44:00
",74.04,Cash
|,,,7.61,Cash
GARDENIA BAKERTES: (tel) SDN BHD (139386 X),30/03/2017,"10:51
",39.40,Cash
ae a a,30/07/2017,,39.01,Cash
_ a>,27/07/2017,,20.67,Cash
GARDENLY BAKERIES (KL) SDN BILD (139886 X),25/07/2017,"12:16
",9.57,Cash
GARDENIA BAKERLEES (KL) SDN BELD (139.886 XN),24/07/2017,"12:44
",12.60,Cash
GARKDENEA BARERTES (KE) SDN BEED (139386 X),23/07/2017,,31.39,Cash
—— >,31/08/2017,"12:17
",12.60,Cash
GARDENLA BAKERIES (KL) SDN BHD (139386 X),29/08/2017,,22.33,Cash
GARDENIA BAKERIES (KL) SDN BHD (139386 X),25/08/2017,"10:29
",23.04,Cash
- : Ss Sf ———,,12:26 ,27.09,
GARDENIA BAKERIES (KL) SDN BHD (139386 X),27/08/2017,"11:03
",335.03,Cash
GARDENIA BAKERIES (KL) SDN BHD (139386 X),24/08/2017,"11:33
",22.99,Cash
"bi ,",22/08/2017,,21.00,Cash
We jnature rswiot ty ae TS et,21/08/2017,,35.14,Cash
I eee,20/08/2017,"10:54
",31.82,
— - 1 i Ss |,19/08/2017,"10:38
",27.45,Cash
GARDENIA BAKERIES (RES SDN BHD (139386 X),18/08/2617,,16.34,Cash
GARDENIA BAKERLES (KI )SbN BHD (139386 X),17/08/2017,"11:55
",9.36,Cash
GARDENIA BAKERIES (KL) SDN BHD (139386 X),16/06/2017,11:41 ,44.05,Cash
GARDENIA BAKERIES (KL) SDN BELD (139386 X),15/08/2017,,16.87,Cash
Cll |,03/08/2017,"11:11
",4.80,Cash
GARDENIA BAKERIES/KL) SDN BHD (139386 X),06/08/2017,"10:49
",54.31,Cash
GARDENIA BAKERIES?K LIBDN BILD (139386 X),30/10/7017,,39.40,Cash
yoyo,,02:11:23 PM,40.00,Cash
i —-,05/88/2017,"11:00
",11.68,Cash
"""GARDENIA BAKERIES (KL) SDN BHD (139386 X)",04/08/2017,10:56 ,6.78,Cash
OO  ———————————L——<——< ll,03/08/2017,"11:10
",19.83,Cash
“GARDENIA BARERMBS (KL) SDN BED (139886 X),01/08/2017,"12:05
",17.05,Cash
G AKDENTA BAKE RIES (KI )SDN BILD (139386 X),23/89/2017,"1:23
",10.65,Cash
GARDENIA BAKERLES (KL) SDN BED (139386 X),22/09/2701,10:52 ,18.92,Cash
GARDENIA BAKERIES (KL) SDN BED (139386 X),21/09/2017,12:28 ,23.38,Cash
G ARDENTA BAKERIES (KI) SDN BUID (139386 X),0/09/2017,,24.55,Cash
GARDENIA BAKERIES (KL) SDS BHD (139386 X),14/09/2817,,17.70,Cash
x,5/09/261,11:08 ,23.63,Cash
GARDENIA BARERIES (KE) SDN BEED (19886 X),63/03/2017,2:97 ,9.59,Cash
~,02/03/2017,"12:57
",37.89,Cash
GARDENIA BAKERIES (KL) SDN BHD (139386 X),30/09/2017,,15.36,Cash
GARDENIA BAKERIES (KL) SDN BHD (139386 X),29/09/2017,"10:23
",12.98,Cash
“GARDENIA BAKERIES (KL) SDN BHD (139386 X),28/09/2017,,30.23,Cash
GARDENIA BAKERIES (KL) SDN BHD (139386 X),27/09/2017,,23.64,Cash
GARDENIA BAKERIES (KL) SDN BILD (139386 X),26/09/2017,,18.34,Cash
if,25/29/2017,"12:12
",23.83,Cash
GARDENIA BAKRERLES (KE) SDN BED (139386 X),24/09/2017,"3:08
",42.37,Cash
% > .,23/09/2017,"12:11:00
",65.00,Cash
‘ |,30/09/2017,"13:04:00
",39.00,Cash
GARDENIA BAKERIES (KL) SDN BHD,19/03/2017,,1.43,Cash
GARDENTA BARERTES (KL) SDN BID (139386 X),18/09/2017,,9.62,Cash
"""",,11:02 ,31.78,Cash
GARDENIA pire YF (KL) SDN BILD (L39386 5,16/09/2017,11:59,11.10,Cash
GARDENIA BAKERIES (RLASDN BHD (139.386 X),12/09/2017,,28.09,Cash
GARDENIA BAKERIES (KL) SDN BHD (139386 X),11/09/2017,"11:48
",25.32,Cash
GARDENIA BAKERIES (KE) SDN BED (139386 X),03/69/2817,,15.87,Cash
RE PRIN,,,29.36,
GARDENIA BAKERLES (KL) SDN BELD (139386 X),02/10/2017,,13.83,Cash
G AKDENI A BAKE RIES (KL) SDN up qa 19386 X),67/08/2017,"12:30
",26.61,Cash
GARDENIA BAKERIES (KL) SDN BID (129386 X),20/10/2017,,6.39,Cash
“GARDENIA BAKERIES (KL) SDN BHD (139386 X),24/10/2017,"12:17
",26.61,Cash
Se 1,18/10/2017,"11:18
",18.08,Cash
GAKDENTA BAKERIES (KL) SDN BHD (139386 X),23/10/2017,,16.60,Cash
a |,81/09/2017,10:42 ,1.11,Cash
GARDENIA BAKERIES (KL) SDN BILD (139386 X),29/10/2017,"11:39
",44.76,
GARDENIA BAKERIES (KL) SDN BHD (139386 X),28/10/2017,"11:26
",22.34,Cash
GARDENIA BAKERIES TKL) SDN BLD (139386 X),25/10/2017,1:43 ,26.61,Cash
GARDENIA BAKERIES (KL) SDN BHD (139386 X),22/10/2017,,6.01,Cash
“GARDENIA BAKERIES (KL) SDN BHD (139386 X),19/10/2017,"11:29
",50.82,Cash
GARDENPFA BAKERIES (KL) SDN BELD (139386 X),17/10/2017,,84.00,Cash
| GARDENIA BAKERIES (KLySD BHD ( 139386 X) ),16/10/2019,12:14 ,25.96,Cash
GARDENIA BAKERLES (KL) SDN BILD (139386 X),15/10/2017,"10:54
",26.61,Cash
“GARDENIA BAKERIES (KL) SDN BILD (139386 X),19/10/2017,,18.54,Cash
GARDENIA BAKERLES (KL) SDN BHD (139386 X),13/10/2017,"11:38
",10.47,Cash
"Pe ee, ee ee — - gies 7",12/10/2017,,27.44,Cash
GARDENIA BAKERIES (KL) SDN BID (139386 X),11/10/2017,,13.36,Cash
I OO “<< =  - ens,10/10/2017,,27.68,Cash
GARDENIA BAKERIES (KL) SDN BHD (139386 X),09/10/2017,,17.89,Cash
GARDENIA BAKERIES (KL) SDN BILD (139386 X),08/10/2017,,46.82,Cash
“GARDENIA BAKERIES (KL) SDN BHD (139386 X),07/10/2017,,16.86,Cash
GARDENIA BAKERIES (KL) SDN BILD (139386 X),06/10/2017,,33.84,Cash
"——_ —<—_ ""<< ——<— = — —",05/10/2017,,23.44,Cash
“GARDENIA BAKERIES (KL) SDN BD (139886 X),01/10/2017,,35.14,Cash
GARDENIA BAKERIES (KL) SDN BILD (159386 X),,2:97 ,25.96,
GARDEQIA BAKERIES (KL) SDN BLD (139386 X),26/10/2017,,30.03,Cash
",",,,,
99 SPEED MART S/B (519537-X),,,262.20,Credit
WR. D..Y. (M) SDN BHD,06-04-16,11:53 ,8.40,Cash
WR. O.1.Y¥. (KUCHAT) SDN BHD,14-21-52,14:02 ,0.19,Cash
MR. D.1.Y¥. (KUCHAL) SDN BHD,17-04-16,14:01 ,22.90,Cash
"THE STORE <HOLAYSIAD SON, BHD. (B199-K)",06-02-2016,"12:34
",9.80,Cash
aS eS ae ee,,,,
99 SPEED MART S/B (Si9537-X),14-12-16,,61.65,Credit
Duplicated Receipt,,9:29:44 AM,,Cash
"ip,",,,,
Golden Arches Restaurants Sdn Bhd,03/12/2016,"11:06:11
",14.70,Cash
74 ‘i 3 ‘ .,02-12-2016,12:33 PM,,Cash
_ ee ee a ee ee,06/12/2016,"20:09:40
",10.56,
‘,,,,
GREEN LANE PHARMACY SDN BHI,12/13/2016,9:52:15 AM,180.10,Credit
99 SPEED MART 5/B (51953?-X),21-11-16,,31.80,Cash
,,,,
oe pb hae pi » ite bb be ei ee a eine ee,05-12-16,,15.96,Cash
KEDAI UBAT & RUNCIT HONG,,10:23:36 AM,,Cash
WR. D.1.Y. (KUCHAI) SDN BHD,01-02-14,13:10 ,26.40,Cash
WR. D.I.Y. (4) SDN BHD,21-02-16,12:43 ,1.75,Cash
Guardian Health And Beauty Sda Bhd,14/02/16,15:55 ,2.56,Cash
,,,,
OO elt—“—T,13-02-2016,2:29 PM,,Cash
MR. D.1.¥. (4) SDN BHD,31/3-41,,21.00,Cash
a,,,,
,,,,
- =,,,,
", ee",12/3-32,11:44 ,57.40,Cash
99 SPEED MART S/B (S19537-x),13-01-16,,71.46,Credit
"0 Data, i Sei ee i he eh",,,,
KEDAI UBAT & RUNCIT HONG,,11:41:47,,Cash
"Zee” eee. ee es eee,",,,,
ee se Se a eS ee ee,41/2-51,11:55 ,64.70,Cash
a +,22/3-42,14:01 ,59.20,Cash
Golden Arches Restaurants Sdn Bhd,24/07/2016,"14:21:51
",28.20,Cash
99 SPEED MART S/B (519537-X),30-06-16,,27.28,Cash
Yam Fresh,16-07-31,"13:49:10
",,Cash
),16-07-31,"13:48:37
",,Cash
,,,,
4 ‘ .,06/07/16,13:54 ,43.90,Cash
e,,,,
eCosway.com SON BHD (509213A),29/07/2016,"12:13:52
",2.10,
v YIN MA (M) SDN. BHD. (974306-T),,01:25pm,14.50,Cash
",",,,,
", ‘",04-06-16,,,Cash
a,,,,
>. ‘,08-04-16,,2.11,Cash
HOME’S HARMONY @ 1 UTAMA SHOPPING CENTRE *,12/06/2016,13:30:10,,Cash
SIMPLIFIED TAX INVOICE,28/02/2016,,103.77,Cash
|,06-05-16,17:11 ,,Cash
MR. D.1.¥. (KUCHAI) SDN BHD,22-04-16,,12.50,Cash
NADEJE PLATINUM SDN BHD,16/05/01,"14:11:20
",,Cash
,,,,
ae,51/3-61,12:01 ,68.10,Cash
,,,,
99 SPEED MART S/B (519537-X),11-05-16,,177.22,Credit
|,1/2-41,12:18 ,21.50,Cash
Best Denki Malaysia (308282-A),01/05/16,10:00:00 AM,89.00,Cash
HOME’S HARMONY @ 1 UTAMA SHOPPING CENTRE,01/05/2016,13:19:16,8.80,Cash
Sushi Q,20/10/2016,3:08:19PM,9.20,
99 SPEED MART 5/B (S$19537-X),20-09-16,09:46PM,14.20,Cash
18 0017,14/05/2018,12:14:08 PM,87.08,Cash
Dns bpoxs,28/05/2018,"20:15
",,Cash
; Yovsae dyers,15/05/18,"13:06
",,Cash
FACE TO FACE NOODLE HOUSE,21/05/2018,11:12:56AM,31.60,
p,24-05-2018,4:29 PM,39.90,Cash
"_SKCA HAROMARE & TIMBER SON. BHO. LIT"" |",,11:20:04AM,142.00,Cash
"ed /, / ——",30-09-2017,,66.00,Cash
. / [S8) |,,,47.00,Cash
™~,,,,
; :,19-10-16,08:42PM,14.20,Cash
Pu Tien €M) SDN Bris,12/10/2017,,,
Yiid Mid Vai ley,,,,
|,15/12/2017,18:01 ,39.70,Cash
,,,,
Guardian Health And Beauty Sta Bhd,,20:56 ,13.78,Cash
Guardian Health And Beauty Sdn Bhd,16/08/17,21:42 ,108.21,Cash
ry \,21/07/2017,"12:07
",148.00,Cash
",",,9:48:42 AM,,Cash
AEON CO. (M) BHD (126926-H),09/07/2010,,23.80,Cash
99 SPEED MART 3/B (S19S3?-X),14-08-17,,,Cash
MPH BOOKSTORES,11/12/2017,21:42,31.47,Cash
BECON STATIONER,13-11-2017,,270.10,Cash
BECON STATIONER,18-09-2017,,247.55,Cash
buardian Health And Heauty Sdn khd,,,,
Gee ee ees,,,,
TAX INVOICE,26/02/2018,"17:31
",16.31,Cash
: eKROya ltea**,09/05/2018,12:22 PM,10.90,Cash
De Maximum Thai Express Sdn Bhd,17/06/2018,10:54:21 PM,30.70,Cash
| AOSD 2} |,,18:43 ,8.20,Cash
fos BS,,18:24 ,8.70,Cash
THE TCAST F&S8 SDN BHD (965752-T),19/05/2018,09:04:85 pm,,
| | BHPetrol Permas Jaya 2 -,08-05-2018,08:17:16 ,,Cash
AST. 0 |,27/05/2018,13:48 ,,Cash
KA OSO P-L,11/05/2018,17:20 ,48.55,Cash
AFON CO. (M) BHD (126926-H),11/05/2018,17:19 ,476.81,Cash
os . UNIHAKKA INTERNATIONAL SDN BHD : ;,,"18:30
",8.20,Cash
| UNIHAKKA INTERNATIONAL SDN BHD,,"18:10
",9.90,Cash
UNIHAKKA INTERNATIONAL SDN BHD ) | -,,"18:21
",8.70,Cash
UNIHAKKA INTERNATIONAL SDN BHD,,12:32 ,10.30,Cash
"UNIHAKKA INTERNATIONAL SDN BHD"" .",,18:24 ,6.60,Cash
UNIHAKKA INTERNATIONAL SDN BHD,,"18:19
",12.20,Cash
| THE TOAST F&B SDN BHD (S697 h2-T) |,11/05/2018,08:35:58 pm,31.00,
DE LUXE CIRCLE FRESH MART SDN BHD ;,12/05/18,12:12:57 pm,12.00,Cash
VERBENA CONFECTIUNERY SDN BHD,12/05/2018,15:16 ,75.70,Cash
UNIHAKKA INTERNATIONAL SDN BHD | .,,"18:51
",1.40,Cash
oo UNIHAKKA INTERNATIONAL SDN BHD .,,"18:26
",8.20,Cash
UNIHAKKA INTERNATIONAL SDN BHD,,"18:33
",9.20,Cash
". a , ' -",,"18:30
",7.10,Cash
| AQL 136,25/05/2016,16:12 ,17.40,Cash
"Aas 138 ,",,"18:29
",8.40,Cash
UNIHAKKA INTERNATIONAL SDN BHD,,"18:25
",10.70,Cash
TAX INVOICE —,08/05/18,10:52:09 ,15.60,Cash
2 poy 00),06-04-18,16:46 ,31.20,Cash
PEG Dy EA % 7% Zp O° %Y,,03:12:08 PM,10.00,Cash
~S VASA FUSS.,11-04-18,17:42 ,9.00,Cash
ee TA ee A ON ™.,14-04-18,17:49 ,5.09,Cash
"ke Oy 107 ED Op, UV "" DY,",19-04-18,17:39 ,15.40,Cash
“<6,19-04-18,18:04 ,34.80,Cash
"SS"" Cerca",19-04-18,18:04 ,34.80,Cash
=,51/3-63,20:29 ,48.90,Cash
aaa,22-04-18,18:37 ,27.20,Cash
CO  —,25-04-18,16:46 ,48.10,Cash
e Sh ~ wma,26-04-18,16:59 ,2.10,Cash
| 2} KOY OC,,16:28 ,1.90,Cash
oa So~,27-04-18,16:26 ,38.00,Cash
rob Te i YB SLY,98/04/2018,15:35 ,26.11,Cash
() -,41/2-52,91:50 ,53.20,Cash
i PS ee,30-04-18,18:17 ,5.00,Cash
N,,03:17:50 PM,72.00,Cash
Ce eee t—‘___ NN,07-02-17,,37.44,Credit
ENW Hardware Centre (M) Sdn. Bhd.,13/04/2018,,27.00,Cash
>,,,166.00,Cash
.,,,24.90,Cash
‘ ; .,,,51.00,Cash
«,27-04-18,16:40 ,23.00,Cash
a,27/08/2018,8:07 PM,11.60,Cash
Aasbo%,,"18:23
",7.30,Cash
UNIHAKKA INTERNATIONAL SDN BHD |,,"19:14
",6.60,Cash
mm UNIHAKKA INTERNATIONAL SDN BHD,,"18:16
",8.20,Cash
. UNIHAKKA INTERNATIONAL SDN BHD .,,18:54 ,21.30,Cash
"Asos| ,",,"18:26
",8.70,Cash
| AMPHAWA THAI TEA & CO. | :,11/08/2018,18:23:00 ,8.90,Cash
"f Ws 09 ,",,18:27 ,8.20,Cash
ih nn,,18:31 ,6.60,Cash
oo UNIHAKKA INTERNATIONAL SDN BHD -,,"18:21
",11.20,Cash
: JPRS | | .,02/05/18,08:55 ,60.00,Cash
SIZZLING STONEGRILL .,26/05/2018,8:53:27 PM,164.80,Cash
Cerbang Alaf Restaurants Sdn Bhd -,76/05/2018,02:16:13 ,32.29,Credit
OE,,"18:06:40
",24.43,Cash
"THE MARCO POLO KITCH ) , -",06/05/2018,14:29 ,12.99,Cash
a | Global Food Empire Sdn Bhd =~,,"19:34:09
",38.35,
ie ey .,07/05/2018,5:42:46 PM,24.40,Cash
Gerbang Alaf Restaurants Sdn Bhd,00-13-1300,"11:59:48
",70.30,
FARMASI LIGAMAS,20/06/2018,"12:40:00
",23.58,Cash
SWC ENTERPRISE SDN BHD,23/03/2018,"19:08:32
",41.20,Cash
SANYO STATIONERY SHOP,,,35.00,Cash
SANYO STATIONERY SHOP,05/09/2017,,14.90,Cash
SANYO STATIONERY SHOP,,,,Cash
SANYO STATIONERY SHOP,,,8.70,Cash
SANYO STATIONERY SHOP,,,3.00,Cash
SANYO STATIONERY SHOP,05/04/2017,,3.30,Cash
SANYO STATIONERY SHOP,07/05/2017,,3.90,Cash
SANYU STATIONERY SHOPY,04/04/2017,,14.90,Cash
SANYO STATIONERY SHOP,27/03/2017,,8.70,Cash
SANYO STATIONERY SHOP,05/07/2017,,2.00,Cash
SANYO STATIONERY SHOP,12/08/2017,,3.00,Cash
"NO. 31G&33Gy JALAN SETIA INDAH X ,U23/x",24/05/2017,,5.80,Cash
| SANYU STATIONERY SHOP,24/07/2017,,5.80,Cash
|,14/12/2017,12:48:02 ,36.00,Cash
SANYO STATIONERY SHOP,31/10/2017,,903.90,Cash
— SANYU STATIONERY SHOP,28/10/2017,,21.90,Cash
SANYO STATIONERY SHOP |,01/11/2017,,33.50,Cash
| .,07/11/2017,,2.00,Cash
SANYO STATIONERY SHOP,17/11/2017,,2.00,Cash
SANYO STATIONERY SHOP,18/11/2017,,9.30,Cash
SANYU STATIONERY SHOP,12/09/2017,,8.70,Cash
SANYO STATIONERY SHOP,14/10/2017,,8.70,Cash
GANYO STATIONERY SHOP,,,8.70,Cash
SANYO STATIONERY SHOP,,,12.00,Cash
SANYO STATIONERY SHOP,24/10/2017,,3.00,Cash
SANYO STATIONERY SHOP,20/10/2017,,8.70,Cash
SANYU STATIONERY SHOP,,,12.40,Cash
SANYO STATIONERY SHOP,06/09/2017,,8.70,Cash
| |,27/10/2017,,8.76,Cash
SANYO STATIONERY SHOP,,,8.70,Cash
SANYO STATIONERY SHOP,06/11/2017,,8.70,Cash
SANYO STATIONERY SHOP,28/12/2017,5:26:39 ,46.90,Cash
|,,9:43 ,0.00,Cash
SANYU STATIONERY SHOP,28/02/201,,16.50,Cash
|,18/07/2017,,35.00,Cash
SANYO STATIONERY SHOP,15/07/2017,,8.70,Cash
SANYU STATIONERY SHOP |,06/07/2017,,4.50,Cash
SANYU STATIONERY SHOP,08/67/2017,,8.70,Cash
SANYU STATIONERY SHOP,19/07/2017,,5.00,Cash
SANYO STATIONERY SHOP,19/07/2017,,5.00,Cash
"NO. 31G&33G, JALAN SETIA INDAH X ,U13/X",16/12/2017,6:26:53 ,8.70,Cash
| SANYU STATIONERY SHOP,21/12/2017,2:13:48 ,3.90,Cash
Batt Cooter.,29/11/2017,"4:21:39
",2.30,Cash
SANYO STATIONERY SHOP,02/12/2017,7:07:39 PM,8.70,Cash
_ SANYO STATIONERY SHOP,23/11/2017,,10.89,Cash
|,26/11/2017,,9.30,Cash
SANYU STATIONERY SHOP,29/11/2017,"4:18:55
",33.60,Cash
"NO. 31G&33G, JALAN SETIA INDAH X ,U13/X",04/12/2017,"3:90
",,Cash
SANYO STATIONERY SHOP,11/12/2017,8:47:34 PM,7.00,Cash
AIK HUAT HARDWARE,,,,Cash
sen me peso,14/07/2017,"6:80
",4.80,Cash
ay,28/09/2017,,,Cash
.,30/03/2017,"16:44:00
",6.60,Cash
ATK HUAT HaARLWweércd,15/11/2017,"15:34:00
",16.00,Cash
Counter,12/09/2017,"15:22:00
",30.90,Cash
AIK HUAT HARDWARE,13/12/2017,"17:58:00
",24.00,Cash
AIK HUAT HARKLWARE.,29/12/2017,"30:00
",7.00,Cash
AIK HUAT HARDWAKE,15/09/2017,"17:57:00
",24.00,Cash
AIK HUAT HARDWARE,10/05/2017,"16:22:00
",16.00,Cash
AIK HUAT HAKLWARKE,25/12/2017,,2.50,Cash
Tacge kepad,,,,
FY EAGLE ENTERPRISE,24/05/2018,"09:21:00
",49.06,Cash
3180502,31/05/2018,12:43:21 PM,,Cash
r Ge,28/06/2018,3:11:35 PM,6.00,
SYARIKAT KAM i Ai SEONG SDN BHD (Co,,,190.00,Cash
NASI KANDAR PELITA,03/06/2018,04:22:16 AM,61.70,Cash
SOUP & PORRIDGE,05-06-2018,"07:24:41
",20.70,Cash
THONG RECIPE,27/06/18,14:30 ,55.90,Cash
——,18/06/2018,02:18 ,30.00,Cash
R55 14 —,30-06-2018,09:09:49 ,50.00,Cash
a,,18:41 ,8.76,Cash
UNIHAKKA INTERNATIONAL SDN BHD,,"18:23
",10.36,Cash
LA 5 mY ~T :,,"18:28
",7.72,Cash
"rods, fy ee .",1-18/06,18:17:54 ,21.83,Cash
| f\ Sf NF we ‘,1-18/06,"18:46:51
",16.21,Cash
AEGN CO. (M} BHD (125926-H),03/06/2018,12:42 ,147.45,Cash
PCL XL error .,,18:23 ,7.72,Cash
UNIHAKKA INTERNATIONAL SDN BHD,,18:24 ,7.25,Cash
"A_p»w on ,",1-18/06,"18:17:39
",14.98,Cash
Ao6o! q,,"18:23
",8.19,Cash
", 06920 |",,"18:23
",8.48,Cash
ew ee ),18/06/09,18:47:29 ,15.39,Cash
Hog po : oo |,,"10:41
",6.69,Cash
. ; ) 4. / ra _ . .,,"18:22
",7.52,Cash
AEON CO. (M) BHD (128528-H) t,10/06/2018,13:04 ,127.37,Cash
", «An b0r6",,"18:18
",7.72,Cash
UNIHAKKA INTERNATIONAL SDN BHD ),,"18:32
",6.00,Cash
MOONLIGHT CAKE HOUSE SDN BHD 862725-U |,1-18/06,"18:25:59
",,Cash
4,85/06/2015,21:07,165.85,Cash
"- f Foe wy , °",02/06/18,02:29:13 pm,,Cash
0&0 257 aa,6/1/2018,6:42:02 PM,10.30,Cash
. ‘ (fore,16/06/2018,"09:40:00
",14.20,Cash
THE TOAST F&B SDN BHD (965752-T),16/06/2018,06:18:40 pm,50.00,Cash
AEON CO. (M) BHD (126926-H),17/06/2018,18:35 ,8.96,Cash
"KEDAI RUNCIT ZBH : - ,",01/06/2018,6:31 ,,Cash
I. fo omart lh .,,03:07:32 ,28.02,Cash
0606 | |,09/06/18,6:10 ,48.20,Cash
"As fy - = ,",11-06-2018,07:23:28 PM,,
AEON CO. (M) BHD (126926-H) _,12/06/2018,19:40 ,38.60,Cash
Ho 64,13/06/2018,19:47:00 ,173.30,Cash
fo boF |,,"18:25
",7.72,Cash
A0b0f2,,"18:28
",8.85,Cash
UNIHAKKA INTERNATIONAL SDN BHD ),,18:27 ,10.17,Cash
AEGN CO. (4) BHD (126926-H),03/06/2018,16:49 ,79.44,Credit
"BOOK TALK (MUTIARA RINI) SDN BHD , —",21/6/2018,9:14:08 PM,9.30,Cash
UNIHAKKA INTERNATIONAL SDN BHD,,18:29 ,8.19,Cash
") Se,",,18:15 ,8.19,Cash
UNIHAKKA INTERNATIONAL SDN BHD,,18:28 ,8.45,Cash
Vn Ln Go —,1-18/06,"18:07:10
",14.18,Cash
/Y05 185,24/06/2018,22:43:04 ,12.80,Cash
Oe Kod/o),24/06/2015,22:40:45 ,17.35,Cash
", Hob /o2 | |",,18:30 ,7.72,Cash
N06 /02 oo,,18:07 ,8.48,Cash
NAM SAN SEOUL KOREAN BBQ,19/06/2018,06:56:10 PM,139.00,Cash
oo eEROYA lteax** -,02/06/2018,2:57 PM,13.10,Cash
IDEAL MENU GROUP SDN BHD,10/06/2018,"16:23:00
",12.00,Cash
", ms / | 4 A | — , ,",11/08/2016,,76.50,Cash
PASIR EMAS HARDWARE SDN BHD . :,23/06/18,12:46:33 PM,,Cash
| RESTORAN DE COFFEE O,03/04/2018,,0.66,
',09-04-2018,"10:28:21
",17.60,Cash
(ee,,19:30:26 ,,Cash
RESTORAN WAN SHENG,04-04-2018,"14:26:26
",107.37,Cash
RESTORAN WAN SHENG,09-04-2018,"13:16:21
",8.11,Cash
. .,26-05-2018,"15:16:13
",4.54,Cash
RES 4 SHENG,,"25:29
",18.31,Cash
RESTORAN WAN SHENG,05-05-2018,"13:16:46
",7.18,Cash
RESTORAN WAN SHENG,10-05-2020,"16:01:18
",6.81,Cash
aie... =,11-05-2018,"17:12:34
",1.90,Cash
RESTORAN WAN SHENG,02-04-2018,"15:14:07
",6.33,Cash
| Gerbang Alaf Restaurants Sdn Bhd,11/05/2018,"20:22:55
",18.90,Cash
Gerbang Alaf Restaurants Sdn Bhd,30/05/2018,"16:07:06
",19.00,Cash
7 ee heer ee Ree Bese tf,01/08/2018,"6:33:22
",371.00,Cash
RESTORAN WAN SHENG,,"12:43:19
",2.27,Cash
ee... +>’ ae “Sgn. «ee 4,06-05-2018,"12:22:06
",4.72,Cash
SANG KEE CHERAS RESTAURANT,03/05/2018,"20:24
",2.50,Cash
MR. O.1.¥. (M) SDN BHD,28-05-18,17:00 ,2.70,Cash
|,03-05-18,14:12 ,69.20,Cash
RESTORAN WAN SHENG,30-06-2018,"22:16:06
",4.20,Cash
Ee,23-08-2018,"17:31:54
",4.60,Cash
RESTORAN WAN SHENG,18-06-2018,"16:15:47
",6.50,Cash
RESTORAN WAN SHENG,12-06-2018,"17:46:16
",4.60,Cash
RESTORAN WAN SHENG,21-06-2018,"18:54:22
",4.60,Cash
RESTORAN WAN SHENG,09-06-2018,"16:00:43
",4.80,Cash
PappaRich BMC,,08:34:31 PM,15.67,Cash
10 GRAM Gourmet Sbn Bhd,11-06-2018,"12:51:34
",4.00,Cash
LEONG HENG SHELL SERVICE STATION,20/06/18,00:05 ,50.00,Cash
PROSPER NIAGA,26/06/18,22:40 ,100.00,Cash
RESTORAN WAN SHENG,01-06-2018,"18:21:09
 ",4.80,Cash
RESTORAN WAN SHENG,04-06-70,,6.70,Cash
RESTORAN WAN SHENG,26-06-2018,"17:08:54
",4.60,Cash
|,26-06-2018,"13:37:55
",4.10,Cash
"me 0 Sean, 7 |) eee",29-06-2018,"16:13:05
",7.20,Cash
RESTORAN WAN SHENG,11-06-2018,"17:11:42
",,Cash
RESTORAN WAN SHENG,27-06-2018,"12:15:15
",2.30,Cash
RESTORAN WAN SHENG,20-08-2018,"13:11:45
",9.60,Cash
RESTORAN WAN SHENG,01-06-2018,"14:20:08
",4.80,Cash
PappaRich BMC,,10:00,42.64,Cash
SUSHI MENTAI - MAHKOTA CHERAS,04-06-2018,"18:11:23
",,Cash
MR. Dul.¥. (KUCHAI) SDN BHD,15-06-18,17:12 ,8.95,Cash
MR. D.I.¥. (KUCHAI) SDN BHD,21-41-61,13:27 ,27.27,Cash
99 SPEED MART 5/B {519537-X),02-05-18,,23.60,Cash
99 SPEED MART 5/B {$19537-X),85-25-18,,137.15,Cash
De,13-05-18,3:46,22.91,Cash
99 SPEED MART S/B (S19537-X),04-06-18,,23.40,Cash
J .,04-06-18,,20.90,Cash
MR. D.I.¥. (KUCHAI) SDN BHD,11-06-18,17:17 ,11.23,Cash
|,25-06-18,11:25 ,17.45,Cash
FILL IN ENTERPRISE,03/06/18,00:23 ,100.00,Cash
(481500-M),04-05-18,12:50:51 PM,19.01,Cash
Dion Realties Sdn Bhd (Co. No:20194-1),30/05/18,"11:01

",5.00,
Dion Realties Sdn Bhd (Co. No:20154-T),28/05/22,"11:41

",10.00,
Sanjung Realiti Sdn. Bhd. (779763-K),27/06/18,"10:08

",1.50,
(481500-M),11/06/2018,3:38:36 PM,48.00,Cash
Dion Realties Sdn Bhd (Co. No:20154-1),25/06/18,"11:18

",10.00,
x,17-06-13,12:56 ,,Cash
TY PRICE DISC NV,,,,
JIMART@SP3,3-01-1479,7:36:12 PM,0.00,Cash
|,3-01-1488,4:37:37 PM,0.00,Cash
PANDAH INDAH PULAU KETAM RESTAURANT,30-04-2018,"19:50:14
",93.00,Cash
KESTAURANT JIAWE|,11/5/2018,"13:14:32
",27.00,Cash
99 SPEED MART S/B (519S37-X),03-05-18,09:41PM,19.90,Cash
ONE ONE THREE SEAFOOD RESTAURANT SDN 1...,28-04-2018,"20:10:51
",62.00,Cash
ONE ONE THREE SEAFOOD RESTAURANT SDN BHD,05-06-2018,"20:23:14
",52.00,Cash
|,22-02-2018,"19:54:52
",67.00,Cash
ONE ONE THREE SEAFOOD RESTAURANT SDN BHD,23-06-2018,"23:28:57
",106.00,Cash
ONE ONE THREE SEAFOOD RESTAURANT SDN BHD,19-05-2018,"12:46:58
",40.00,Cash
,,,,
TAMAN BERKELEYA,,,27.90,Cash
KEDAI PAPAN YEW CHUAN,20/04/2078,,82.60,Cash
KEDAI PAPAN YEW CHUAN ;,17/04/2018,"10:60:00
",180.00,Cash
KEDAI PAPAN YEW CHUAN,,"11:22:00
",115.00,Cash
KEDAI PAPAN YEW CHUAN,03/05/2078,13:54,168.00,Cash
KEDAI PAPAN YEW CHUAN,,"17:00
",1.20,Cash
KEDAI PAPAN YEW CHUAN,,"01:00
",381.59,Cash
|,23/05/2078,"15:28:00
",163.50,Cash
KEDAI PAPAN YEW CHUAN,,,65.00,Cash
EE ES,20/08/2018,12:53 PM,85.20,
AMTECH ELECTRICAL SUPPLIES,27/06/18,,,Cash
Cash Sale ;,09/06/2018,12:17:20 PM,489.30,Cash
POPULAR BOOK,03/04/18,19:19 ,,Cash
OCEAN LC PACKAGING ENTERPRISE,27/06/2018,"12:45
",,Cash
MR. D.I.¥. (M) SDN BHD,15-07-18,10:35 ,7.16,Cash
PASAR RAYA MEGA MAJU,03/07/2018,5:22:43 PM,0.00,Cash
_ ONE THREE SEAFOOD RESTAURANT SON BHD,14-06-2018,"20:41:44
",59.00,Cash
ONE ONE THREE SEAFOOD RESTAURANT SDN BHD,13-06-2018,"22:53:19
",36.00,Cash
Elz),30-05-2018,"13:45:46
",82.50,Cash
4,17-06-2018,"14:07:29
",58.00,Cash
mae Ot,15-06-2018,"11:35:35
",148.50,Cash
ONE ONE THREE SEAFOOD RESTAURANT SDN BHD,20-06-2018,"21:36:11
",36.00,Cash
",",23-08-2018,20:52:16 ,179.50,Cash
(Co. No. 113825-W),05/03/18,15:02 ,,Cash
BOON SENG PAPER SDN BHD (1248717-W),19/03/2018,1:01:43 PM,31.80,
F i i ee es of *,14/03/2018,4:06 ,1.00,Cash
3180303,,27:05 ,79.50,
3180303,20/03/2018,"13:01
",102.00,Cash
3180303,,,12.00,
| HON HWA HARDWARE TRADING,21/09/2017,10:20:37 AM,10.40,Cash
